{
    "getAll": {
        "description": "Gets all entries from 'movies'",
        "route": "/movies",
        "method": "GET",
        "sql": "SELECT * FROM movies",
        "auth_required": false,
        "allowed_roles": [
            "*"
        ]
    },
    "getById": {
        "description": "Gets an entry from 'movies' by its primary key",
        "route": "/movies/$movieId",
        "method": "GET",
        "sql": "SELECT * FROM movies WHERE movieId = $movieId",
        "auth_required": false,
        "allowed_roles": [
            "*"
        ]
    },
    "create": {
        "description": "Creates a new entry in 'movies'",
        "route": "/movies",
        "method": "POST",
        "sql": "INSERT INTO movies (userId, title, director, imageUrl, releaseDate, durationMinutes) VALUES ($userId, $title, $director, $imageUrl, $releaseDate, $durationMinutes)",
        "request_body_params": [
            "userId",
            "title",
            "director",
            "imageUrl",
            "releaseDate",
            "durationMinutes"
        ],
        "auth_required": true,
        "allowed_roles": [
            "*"
        ]
    },
    "update": {
        "description": "Updates an existing entry in 'movies' by its primary key",
        "route": "/movies/$movieId",
        "method": "PUT",
        "sql": "UPDATE movies SET userId = $userId, title = $title, director = $director, imageUrl = $imageUrl, releaseDate = $releaseDate, durationMinutes = $durationMinutes WHERE movieId = $movieId",
        "request_body_params": [
            "userId",
            "title",
            "director",
            "imageUrl",
            "releaseDate",
            "durationMinutes"
        ],
        "auth_required": true,
        "allowed_roles": [
            "*"
        ]
    },
    "delete": {
        "description": "Deletes an existing entry in 'movies' by its primary key",
        "route": "/movies/$movieId",
        "method": "DELETE",
        "sql": "DELETE FROM movies WHERE movieId = $movieId",
        "auth_required": true,
        "allowed_roles": [
            "*"
        ]
    }
}